SKU,ubicacion_pick,min,max,um
ET8714738,A0-30-01-01,72,108,CJ
ET8702357,A0-29-01-01,72,108,CJ
ET1057K,A0-25-01-02,38,50,CJ
ET47627,A0-25-01-01,38,50,CJ
ET8716048,A0-24-01-17,90,120,CJ
ET8714657,A0-24-01-16,90,120,CJ
ET8714290,A0-24-01-15,90,120,CJ
ET8714282,A0-24-01-14,90,120,CJ
ET8714274,A0-24-01-13,90,120,CJ
ET8714266,A0-24-01-12,90,120,CJ
ET8714258,A0-24-01-11,90,120,CJ
ET871424K,A0-24-01-10,90,120,CJ
ET8714231,A0-24-01-09,90,120,CJ
ET8714215,A0-24-01-08,90,120,CJ
ET8714193,A0-24-01-07,90,120,CJ
ET8714185,A0-24-01-06,90,120,CJ
ET8714169,A0-24-01-05,90,120,CJ
ET8712816,A0-24-01-04,90,120,CJ
ET8711526,A0-24-01-03,90,120,CJ
ET8709866,A0-24-01-02,90,120,CJ
ET8709807,A0-24-01-01,90,120,CJ
ET8716412,A0-23-01-21,174,232,CJ
ET8716471,A0-23-01-20,174,232,CJ
ET8716463,A0-23-01-19,174,232,CJ
ET8716455,A0-23-01-18,174,232,CJ
ET8716447,A0-23-01-17,174,232,CJ
ET8716420,A0-23-01-16,174,232,CJ
ET8716404,A0-23-01-15,174,232,CJ
ET8716390,A0-23-01-14,174,232,CJ
ET8716382,A0-23-01-13,174,232,CJ
ET8716374,A0-23-01-12,174,232,CJ
ET871357K,A0-23-01-11,87,116,CJ
ET8712867,A0-23-01-10,87,116,CJ
ET8712832,A0-23-01-09,87,116,CJ
ET8711569,A0-23-01-08,87,116,CJ
ET8706522,A0-23-01-07,87,116,CJ
ET8706514,A0-23-01-06,87,116,CJ
ET8706506,A0-23-01-05,87,116,CJ
ET8706492,A0-23-01-04,87,116,CJ
ET8706484,A0-23-01-03,87,116,CJ
ET8706476,A0-23-01-02,87,116,CJ
ET8706468,A0-23-01-01,87,116,CJ
ET8716056,A0-22-01-02,23,30,CJ
ET871536K,A0-22-01-01,23,30,CJ
ET8715351,A0-21-01-06,23,30,CJ
ET8714452,A0-21-01-05,23,30,CJ
ET8714444,A0-21-01-04,23,30,CJ
ET8714436,A0-21-01-03,23,30,CJ
ET8714428,A0-21-01-02,23,30,CJ
ET871441K,A0-21-01-01,23,30,CJ
ET8714401,A0-20-01-06,23,30,CJ
ET8714398,A0-20-01-05,23,30,CJ
ET8714371,A0-20-01-04,23,30,CJ
ET8714355,A0-20-01-03,23,30,CJ
ET8714347,A0-20-01-02,23,30,CJ
ET8714320,A0-20-01-01,23,30,CJ
ET8714932,A0-19-01-06,23,30,CJ
ET8714665,A0-19-01-05,23,30,CJ
ET8714541,A0-19-01-04,23,30,CJ
ET8714525,A0-19-01-03,23,30,CJ
ET8714517,A0-19-01-02,23,30,CJ
ET8714509,A0-19-01-01,23,30,CJ
ET8714495,A0-18-01-06,23,30,CJ
ET8714487,A0-18-01-05,23,30,CJ
ET8714479,A0-18-01-04,23,30,CJ
ET8714460,A0-18-01-03,23,30,CJ
ET8714304,A0-18-01-02,23,30,CJ
ET8712808,A0-18-01-01,23,30,CJ
ET8709904,A0-17-01-09,23,30,CJ
ET870984K,A0-17-01-08,23,30,CJ
ET8716358,A0-17-01-07,22,29,CJ
ET8716331,A0-17-01-06,22,29,CJ
ET8716323,A0-17-01-05,22,29,CJ
ET8716315,A0-17-01-04,22,29,CJ
ET8716307,A0-17-01-03,22,29,CJ
ET8716293,A0-17-01-02,22,29,CJ
ET8716285,A0-17-01-01,22,29,CJ
ET8716277,A0-16-01-09,22,29,CJ
ET8716269,A0-16-01-08,22,29,CJ
ET8716250,A0-16-01-07,22,29,CJ
ET8716242,A0-16-01-06,22,29,CJ
ET8716234,A0-16-01-05,22,29,CJ
ET8716226,A0-16-01-04,22,29,CJ
ET8712859,A0-16-01-03,22,29,CJ
ET8712824,A0-16-01-02,22,29,CJ
ET8710252,A0-16-01-01,22,29,CJ
ET8704554,A0-15-01-09,22,29,CJ
ET8704546,A0-15-01-08,22,29,CJ
ET8704538,A0-15-01-07,22,29,CJ
ET870452K,A0-15-01-06,22,29,CJ
ET8704511,A0-15-01-05,22,29,CJ
ET8704503,A0-15-01-04,22,29,CJ
ET870449K,A0-15-01-03,22,29,CJ
ET8704481,A0-15-01-02,22,29,CJ
ET8704473,A0-15-01-01,22,29,CJ
ET8704406,A0-14-01-09,22,29,CJ
ET8713545,A0-14-01-08,23,30,CJ
ET8712840,A0-14-01-07,23,30,CJ
ET8711550,A0-14-01-06,23,30,CJ
ET8710244,A0-14-01-05,23,30,CJ
ET8705836,A0-14-01-04,23,30,CJ
ET8704333,A0-14-01-03,23,30,CJ
ET8704325,A0-14-01-02,23,30,CJ
ET8704252,A0-14-01-01,23,30,CJ
ET8704244,A0-13-01-09,23,30,CJ
ET8704236,A0-13-01-08,23,30,CJ
ET8704228,A0-13-01-07,23,30,CJ
ET870421K,A0-13-01-06,23,30,CJ
ET8704201,A0-13-01-05,23,30,CJ
ET8704198,A0-13-01-04,23,30,CJ
ET870418K,A0-13-01-03,23,30,CJ
ET8704171,A0-13-01-02,23,30,CJ
ET8704147,A0-13-01-01,23,30,CJ
ET8713200,A0-12-01-04,9,12,CJ
ET8714584,A0-12-01-03,9,12,CJ
269666,A0-12-01-02,9,12,CJ
268533,A0-12-01-01,9,12,CJ
ET8707154,A0-10-01-02,2,24,CJ
ET8707480,A0-10-01-01,2,24,CJ
ET47589,A0-09-01-02,2,24,CJ
ET47570,A0-09-01-01,2,24,CJ
ET47546,A0-08-01-02,2,24,CJ
ET4752K,A0-08-01-01,2,24,CJ
ET47503,A0-07-01-02,2,24,CJ
ET18309,A0-07-01-01,2,24,CJ
269665,A0-06-01-05,7,9,CJ
269659,A0-06-01-04,7,9,CJ
269658,A0-06-01-03,7,9,CJ
268820,A0-06-01-02,7,9,CJ
253904,A0-06-01-01,6,9,CJ
268175,A0-05-01-07,7,9,CJ
269668,A0-05-01-06,19,28,CJ
269667,A0-05-01-05,11,17,CJ
268408,A0-05-01-04,18,24,CJ
268407,A0-05-01-03,21,28,CJ
269662,A0-05-01-02,19,28,CJ
269623,A0-05-01-01,8,11,CJ
269626,A0-04-01-06,8,11,CJ
269625,A0-04-01-05,8,11,CJ
269624,A0-04-01-04,8,11,CJ
269484,A0-04-01-03,21,28,CJ
269483,A0-04-01-02,25,37,CJ
268988,A0-04-01-01,13,17,CJ
268987,A0-03-01-09,20,27,CJ
269719,A0-03-01-08,15,20,CJ
269443,A0-03-01-07,15,20,CJ
450883,A0-03-01-06,15,20,CJ
269243,A0-03-01-05,15,20,CJ
269080,A0-03-01-04,15,20,CJ
269006,A0-03-01-03,15,20,CJ
269245,A0-03-01-02,15,20,CJ
269244,A0-03-01-01,15,20,CJ
269661,A0-02-01-06,21,28,CJ
268842,A0-02-01-05,20,28,CJ
268841,A0-02-01-04,9,12,CJ
268840,A0-02-01-03,9,12,CJ
268991,A0-02-01-02,17,22,CJ
269720,A0-02-01-01,17,22,CJ
269685,A0-01-01-09,9,12,CJ
268758,A0-01-01-08,17,23,CJ
268759,A0-01-01-07,20,27,CJ
269723,A0-01-01-06,17,22,CJ
269513,A0-01-01-05,17,22,CJ
269512,A0-01-01-04,18,24,CJ
269511,A0-01-01-03,30,40,CJ
269236,A0-01-01-02,30,40,CJ
269364,A0-01-01-01,28,37,CJ
ET47147,A0-31-01-01,201,300,CJ
ET47155,A0-32-01-01,201,300,CJ
ET4976K,A0-33-01-01,100,200,CJ
ET8714983,A0-34-01-01,100,200,CJ
ET8713898,A0-35-01-01,100,200,CJ
ET871388K,A0-36-01-01,10,100,CJ
ET8706530,A0-37-01-01,10,100,CJ
ET8706557,A0-38-01-01,10,100,CJ
ET8706565,A0-39-01-01,10,100,CJ
ET8706611,A0-40-01-01,10,100,CJ
ET870662K,A0-41-01-01,10,100,CJ
ET8709017,A0-42-01-01,10,100,CJ
ET8709033,A0-43-01-01,10,100,CJ
ET8713294,A0-44-01-01,10,100,CJ
ET8713472,A0-45-01-01,10,100,CJ
ET8715327,A0-46-01-01,10,100,CJ
ET8702233,A0-47-01-01,14,140,CJ
ET8715467,A1-40-01-01,14,140,CJ
ET8715483,A1-39-01-01,14,140,CJ
ET8715505,A1-38-01-01,14,140,CJ
ET8715440,A1-37-01-01,14,140,CJ
ET8715424,A1-36-01-01,14,140,CJ
ET8715475,A1-35-01-01,14,140,CJ
ET8715459,A1-34-01-01,14,140,CJ
ET8715491,A1-33-01-01,14,140,CJ
ET8715432,A1-32-01-01,14,140,CJ
ET8715513,A1-31-01-01,14,140,CJ
ET8715408,A1-30-01-01,100,200,CJ
ET8712735,A1-29-01-01,100,200,CJ
ET8712727,A1-28-01-01,10,100,CJ
ET8712719,A1-27-01-01,100,200,CJ
ET8712700,A1-26-01-01,100,200,CJ
ET8715335,A1-25-01-01,9,88,CJ
ET8715378,A1-24-01-01,88,176,CJ
ET8712247,A1-23-01-01,88,176,CJ
ET8710953,A1-22-01-01,9,88,CJ
ET8707790,A1-21-01-01,88,176,CJ
ET8703531,A1-20-01-01,88,176,CJ
ET1124K,A1-19-01-01,88,176,CJ
ET16047,A1-18-01-01,88,176,CJ
ET12580,A1-17-01-01,88,176,CJ
ET8700729,A1-16-01-01,88,176,CJ
ET18236,A1-15-01-01,88,176,CJ
ET14737,A1-14-01-01,88,176,CJ
ET15881,A1-13-01-01,88,176,CJ
ET1267K,A1-12-01-01,177,264,CJ
ET16039,A1-11-01-01,177,264,CJ
ET16020,A1-10-01-01,177,264,CJ
ET16012,A1-09-01-01,177,264,CJ
ET16004,A1-08-01-01,88,176,CJ
ET16004,A1-07-01-01,88,176,CJ
ET9199,A2-07-01-01,10,100,CJ
ET9296,A2-08-01-01,10,100,CJ
ET9393,A2-09-01-01,9,88,CJ
ET9539,A2-11-01-01,10,100,CJ
ET8715246,A2-12-01-01,10,100,CJ
ET10073,A2-13-01-01,10,100,CJ
ET9091,A2-14-01-01,9,88,CJ
ET10189,A2-15-01-01,9,88,CJ
ET11088,A2-16-01-01,10,100,CJ
ET18503,A2-17-01-01,10,100,CJ
ET8703272,A2-18-01-01,10,100,CJ
ET8714835,A2-19-01-01,10,100,CJ
ET8714878,A2-20-01-01,10,100,CJ
ET8701814,A2-21-01-01,10,100,CJ
ET8701806,A2-22-01-01,10,100,CJ
ET12831,A2-23-01-01,9,88,CJ
ET8702152,A2-24-01-01,10,100,CJ
ET8708517,A2-25-01-01,88,176,CJ
ET8706891,A2-26-01-01,100,200,CJ
ET19895,A2-28-01-01,10,100,CJ
ET10146,A2-29-01-01,100,200,CJ
ET8707170,A2-30-01-01,88,176,CJ
ET15105,A2-31-01-01,88,176,CJ
ET9156,A2-32-01-01,80,160,CJ
ET9253,A2-33-01-01,80,160,CJ
ET9350,A2-34-01-01,80,160,CJ
ET9571,A2-35-01-01,80,160,CJ
ET13250,A2-36-01-01,80,160,CJ
ET10057,A2-37-01-01,80,160,CJ
ET9059,A2-38-01-01,8,80,CJ
ET13277,A2-39-01-01,8,80,CJ
ET8714843,A2-40-01-01,8,80,CJ
ET8751382,B2-40-01-01,11,108,CJ
ET8701156,B2-39-01-01,10,108,CJ
ET8708029,B2-38-01-01,10,108,CJ
ET8714886,B1-40-01-01,8,80,CJ
ET8703752,B1-39-01-01,8,80,CJ
ET8703760,B1-38-01-01,8,80,CJ
ET1284K,B1-37-01-01,8,80,CJ
ET8708525,B1-36-01-01,8,80,CJ
ET870855K,B1-35-01-01,8,80,CJ
ET8706905,B1-34-01-01,8,80,CJ
ET8708312,B1-33-01-01,8,80,CJ
ET16217,B1-32-01-01,8,80,CJ
ET871553K,B1-31-01-01,8,80,CJ
ET870113K,B1-30-01-01,8,80,CJ
ET8701881,B1-29-01-01,8,80,CJ
ET8702632,B1-28-01-01,8,80,CJ
ET8702772,B1-27-01-01,64,128,CJ
ET8702780,B1-26-01-01,64,128,CJ
ET8713928,B1-25-01-01,60,120,CJ
ET8713936,B1-24-01-01,60,120,CJ
ET17434,B1-23-01-01,60,120,CJ
ET17442,B1-22-01-01,60,120,CJ
ET17760,B1-21-01-01,60,120,CJ
ET17450,B1-20-01-01,60,120,CJ
ET17566,B1-19-01-01,121,180,CJ
ET14486,B1-18-01-01,60,120,CJ
ET18228,B1-17-01-01,60,120,CJ
ET8701962,B1-16-01-01,60,120,CJ
ET8701954,B1-15-01-01,60,120,CJ
ET8707049,B1-14-01-01,60,120,CJ
ET8702160,B1-13-01-01,60,120,CJ
ET870693K,B1-12-01-01,60,120,CJ
ET10162,B1-11-01-01,60,120,CJ
ET8708541,B1-10-01-01,60,120,CJ
ET8706840,B1-09-01-01,60,120,CJ
ET8751471,B1-08-01-01,108,216,CJ
ET875148K,B1-07-01-01,108,216,CJ
ET13404,B2-07-01-01,10,100,CJ
ET17140,B2-08-01-01,10,100,CJ
ET16748,B2-09-01-01,10,100,CJ
ET17108,B2-10-01-01,10,100,CJ
ET17167,B2-11-01-01,10,100,CJ
ET17159,B2-12-01-01,10,100,CJ
ET17124,B2-13-01-01,10,100,CJ
ET17191,B2-14-01-01,10,100,CJ
ET17868,B2-15-01-01,10,100,CJ
ET17213,B2-16-01-01,10,100,CJ
ET8709122,B2-17-01-01,10,100,CJ
ET8709130,B2-18-01-01,10,100,CJ
ET17175,B2-19-01-01,10,100,CJ
ET8708495,B2-20-01-01,10,100,CJ
ET8707065,B2-21-01-01,10,100,CJ
ET8706875,B2-22-01-01,10,100,CJ
ET8714568,B2-23-01-01,10,100,CJ
ET870869K,B2-24-01-01,17,169,CJ
ET8708711,B2-25-01-01,17,169,CJ
ET8708738,B2-26-01-01,17,169,CJ
ET8708703,B2-27-01-01,17,169,CJ
ET870872K,B2-28-01-01,17,169,CJ
ET8714622,B2-29-01-01,13,117,CJ
ET8714150,B2-30-01-01,13,117,CJ
ET8712468,B2-31-01-01,12,117,CJ
ET8712476,B2-32-01-01,12,117,CJ
ET8702535,B2-33-01-01,12,117,CJ
ET8714959,B2-34-01-01,8,80,CJ
ET49875,B2-35-01-01,23,30,CJ
ET49883,B2-35-01-02,23,30,CJ
ET8700370,B2-36-01-01,23,30,CJ
ET8701288,B2-36-01-02,23,30,CJ
ET8701296,B2-37-01-01,23,30,CJ
ET871603K,B2-37-01-02,23,30,CJ
ET8700125,C1-40-01-02,39,52,CJ
ET8700087,C1-40-01-01,39,52,CJ
ET8700060,C1-39-01-02,39,52,CJ
ET8700052,C1-39-01-01,39,52,CJ
ET8700044,C1-38-01-02,39,52,CJ
ET8700036,C1-38-01-01,39,52,CJ
ET8700028,C1-37-01-02,39,52,CJ
ET8716730,C1-37-01-01,43,432,CJ
ET8716749,C1-36-01-01,43,432,CJ
ET8716722,C1-35-01-01,43,432,CJ
ET8713189,C1-34-01-01,43,432,CJ
ET8710937,C1-33-01-01,43,432,CJ
ET8710384,C1-32-01-01,43,432,CJ
ET8709777,C1-31-01-01,43,432,CJ
ET8707138,C1-30-01-01,43,432,CJ
ET871312K,C1-29-01-01,10,108,CJ
ET8708371,C1-28-01-01,10,108,CJ
ET8717230,C1-27-01-01,9,88,CJ
ET870774K,C1-26-01-01,9,88,CJ
ET8704023,C1-25-01-01,9,88,CJ
ET8715084,C1-24-01-01,29,288,CJ
ET8706573,C1-23-01-01,29,288,CJ
ET8717176,C1-22-01-01,14,144,CJ
ET8717184,C1-21-01-01,14,144,CJ
ET8715653,C1-20-01-01,14,144,CJ
ET8715394,C1-19-01-01,14,144,CJ
ET8715254,C1-18-01-01,14,144,CJ
ET8713421,C1-17-01-01,14,144,CJ
ET8713359,C1-16-01-01,14,144,CJ
ET8710783,C1-15-01-01,14,144,CJ
ET8710376,C1-14-01-01,14,144,CJ
ET8704090,C1-13-01-01,14,144,CJ
ET8704058,C1-12-01-01,14,144,CJ
ET870404K,C1-11-01-01,14,144,CJ
ET8704082,C1-10-01-01,14,144,CJ
ET8706980,C1-09-01-01,14,144,CJ
ET8704015,C1-08-01-01,14,144,CJ
ET8704007,C1-07-01-01,14,144,CJ
ET8712409,C2-07-01-01,132,264,CJ
ET8712425,C2-08-01-01,132,264,CJ
ET8712158,C2-09-01-01,132,264,CJ
ET8712077,C2-10-01-01,132,264,CJ
ET8712085,C2-11-01-01,132,264,CJ
ET8714991,C2-12-01-01,132,264,CJ
ET8712093,C2-13-01-01,132,264,CJ
ET8712417,C2-14-01-01,132,264,CJ
ET8713464,C2-15-01-01,132,264,CJ
ET8713901,C2-16-01-01,132,264,CJ
ET8715319,C2-17-01-01,132,264,CJ
ET871391K,C2-18-01-01,132,264,CJ
ET8712131,C2-19-01-01,132,264,CJ
ET871214K,C2-20-01-01,132,264,CJ
ET8713286,C2-21-01-01,13,132,CJ
ET8712107,C2-22-01-01,13,132,CJ
ET49867,C2-23-01-01,50,66,CJ
ET49859,C2-23-01-02,50,66,CJ
ET8713278,C2-24-01-01,14,140,CJ
ET8715947,C2-25-01-01,14,140,CJ
ET8715890,C2-26-01-01,22,224,CJ
ET8715912,C2-27-01-01,22,224,CJ
ET8710988,C2-28-01-01,8,75,CJ
ET8703396,C2-29-01-01,8,75,CJ
ET8703388,C2-30-01-01,8,75,CJ
ET870337K,C2-31-01-01,8,75,CJ
ET871097K,C2-32-01-01,39,52,CJ
ET8703361,C2-32-01-02,39,52,CJ
ET8703353,C2-33-01-01,39,52,CJ
ET8703345,C2-33-01-02,39,52,CJ
ET8712689,C2-34-01-01,101,135,CJ
ET8712670,C2-34-01-02,101,135,CJ
ET8712697,C2-35-01-01,68,90,CJ
ET8712743,C2-35-01-02,68,90,CJ
ET8715416,C2-35-01-03,68,90,CJ
ET8715696,C2-36-01-01,14,144,CJ
ET3057542,C2-37-01-01,14,144,CJ
ET3057526,C2-38-01-01,14,144,CJ
ET3057518,C2-39-01-01,14,144,CJ
ET305750K,C2-40-01-01,14,144,CJ
ET8713162,D1-40-01-01,84,112,CJ
ET8711445,D1-39-01-01,11,112,CJ
ET8715289,D1-38-01-01,11,112,CJ
ET8702047,D1-37-01-01,11,112,CJ
ET8702039,D1-36-01-01,11,112,CJ
ET8702020,D1-35-01-01,11,112,CJ
ET8716676,D1-34-01-01,16,160,CJ
ET8702055,D1-33-01-01,16,160,CJ
ET8752192,D1-32-01-01,27,270,CJ
ET12378,D1-31-01-01,27,270,CJ
ET11525,D1-30-01-01,27,270,CJ
ET8715343,D1-29-01-01,15,150,CJ
ET8714703,D1-28-01-01,15,150,CJ
ET8712751,D1-27-01-01,15,150,CJ
ET8711798,D1-26-01-01,13,132,CJ
ET8715548,D1-25-01-01,13,132,CJ
ET8711763,D1-24-01-01,13,132,CJ
ET871486K,D1-23-01-01,13,132,CJ
ET8711836,D1-22-01-01,13,132,CJ
ET8711925,D1-21-01-01,13,132,CJ
ET8711852,D1-20-01-01,13,132,CJ
ET8711747,D1-19-01-01,13,132,CJ
ET871181K,D1-18-01-01,13,132,CJ
ET8711887,D1-17-01-01,13,132,CJ
ET8711771,D1-16-01-01,132,264,CJ
ET8715882,D1-15-01-01,198,264,CJ
ET8711755,D1-14-01-01,132,264,CJ
ET8711828,D1-13-01-01,132,264,CJ
ET8711917,D1-12-01-01,362,540,CJ
ET8711739,D1-11-01-01,132,264,CJ
ET8711844,D1-10-01-01,132,264,CJ
ET8711860,D1-09-01-01,132,264,CJ
ET8711801,D1-08-01-01,132,264,CJ
ET8711895,D1-07-01-01,132,264,CJ
ET47694,D2-07-01-01,24,243,CJ
ET47848,D2-08-01-01,24,243,CJ
ET16535,D2-09-01-01,24,243,CJ
ET16543,D2-10-01-01,24,243,CJ
ET16578,D2-11-01-01,24,243,CJ
ET13226,D2-12-01-01,24,243,CJ
ET870757K,D2-13-01-01,8,80,CJ
ET8707588,D2-14-01-01,8,80,CJ
ET8707596,D2-15-01-01,8,80,CJ
ET8701571,D2-16-01-01,8,80,CJ
ET8707618,D2-17-01-01,8,80,CJ
ET8707650,D2-18-01-01,8,80,CJ
ET8707669,D2-19-01-01,8,80,CJ
ET8707677,D2-20-01-01,8,80,CJ
ET8707685,D2-21-01-01,8,80,CJ
ET8707456,D2-22-01-01,8,80,CJ
ET871083K,D2-23-01-01,8,80,CJ
ET8707693,D2-24-01-01,8,80,CJ
ET8707383,D2-25-01-01,8,80,CJ
ET8707391,D2-26-01-01,8,80,CJ
ET8707707,D2-27-01-01,8,80,CJ
ET8707715,D2-28-01-01,8,80,CJ
ET8707723,D2-29-01-01,8,80,CJ
ET8707731,D2-30-01-01,8,80,CJ
ET8715386,D2-31-01-01,8,80,CJ
ET8717303,D2-32-01-01,168,250,CJ
ET8708657,D2-33-01-01,25,250,CJ
ET8708665,D2-34-01-01,25,250,CJ
700039,E1-08-01-01,60,120,CJ
700040,E1-09-01-01,60,120,CJ
700041,E1-10-01-01,60,120,CJ
700042,E1-11-01-01,6,60,CJ
700043,E1-12-01-01,6,60,CJ
700271,E1-13-01-01,6,60,CJ
700524,E1-14-01-01,6,60,CJ
700533,E1-15-01-01,6,60,CJ
700809,E1-16-01-01,6,60,CJ
701009,E1-17-01-01,6,60,CJ
701012,E1-18-01-01,6,60,CJ
701106,E1-19-01-01,6,60,CJ
701107,E1-20-01-01,6,60,CJ
700563,E1-21-01-01,64,128,CJ
700564,E1-22-01-01,64,128,CJ
700565,E1-23-01-01,64,128,CJ
700575,E1-24-01-01,6,64,CJ
700576,E1-25-01-01,6,64,CJ
700691,E1-26-01-01,6,64,CJ
700560,E1-27-01-01,8,80,CJ
700561,E1-28-01-01,8,80,CJ
700562,E1-29-01-01,8,80,CJ
700573,E1-30-01-01,8,80,CJ
700574,E1-31-01-01,8,80,CJ
700557,E1-32-01-01,9,85,CJ
700558,E1-33-01-01,9,85,CJ
700287,E1-34-01-01,6,60,CJ
700559,E1-35-01-01,26,34,CJ
700571,E1-35-01-02,26,34,CJ
700572,E1-36-01-01,26,34,CJ
700690,E1-36-01-02,26,34,CJ
700567,E1-37-01-01,15,20,CJ
700568,E1-37-01-02,15,20,CJ
700538,E1-37-01-03,15,20,CJ
700555,E1-38-01-01,51,68,CJ
700556,E1-38-01-02,51,68,CJ
700569,E1-39-01-01,51,68,CJ
700570,E1-39-01-02,51,68,CJ
700292,E1-40-01-01,29,39,CJ
700293,E1-40-01-02,29,39,CJ
700522,D2-40-01-02,21,28,CJ
700521,D2-40-01-01,21,28,CJ
700537,D2-39-01-02,21,28,CJ
701020,D2-39-01-01,21,28,CJ
700288,D2-38-01-01,6,60,CJ
450607,R1-01,80,120,CJ
450604,R1-02,80,120,CJ
450605,R1-03,80,120,CJ
450606,R1-04,80,120,CJ
000592,R1-05,80,120,CJ
450417,R1-06,80,120,CJ
ET18406,E2-40-01-01,4,40,CJ
ET18589,E2-39-01-01,4,40,CJ
ET17280,E2-38-01-01,4,40,CJ
ET17272,E2-37-01-01,4,40,CJ
ET18481,E2-36-01-01,4,40,CJ
ET13072,E2-35-01-01,4,40,CJ
ET19682,E2-34-01-01,4,40,CJ
ET8706921,E2-33-01-01,4,40,CJ
ET1365K,E2-32-01-01,4,40,CJ
ET8176,E2-31-01-01,4,40,CJ
ET829K,E2-30-01-01,4,40,CJ
ET8338,E2-29-01-01,4,40,CJ
ET8591,E2-28-01-01,4,40,CJ
ET11886,E2-27-01-01,4,40,CJ
ET10685,E2-26-01-01,4,40,CJ
ET8712913,E2-25-01-01,4,40,CJ
ET8710961,E2-24-01-01,4,40,CJ
ET8708568,E2-23-01-01,4,40,CJ
ET8708576,E2-22-01-01,4,40,CJ
ET870824K,E2-21-01-01,4,40,CJ
ET8708584,E2-20-01-01,4,40,CJ
450231,E2-19-01-02,23,30,CJ
ET13056,E2-19-01-01,12,20,CJ
ET8700192,E2-18-01-01,6,60,CJ
ET8700206,E2-17-01-01,6,60,CJ
ET8700184,E2-16-01-01,6,60,CJ
ET8701024,E2-15-01-01,6,60,CJ
ET8700176,E2-14-01-01,6,60,CJ
ET8707642,E2-13-01-01,6,60,CJ
ET8168,E2-12-01-01,5,50,CJ
ET8265,E2-11-01-01,5,50,CJ
ET9342,E2-10-01-01,5,50,CJ
ET8567,E2-09-01-01,5,50,CJ
ET8109,E2-08-01-01,5,50,CJ
ET10626,E1-07-01-01,5,50,CJ
ET11754,E2-07-01-01,5,50,CJ
450684,F1-07-01-01,90,180,CJ
450237,F1-08-01-01,90,180,CJ
450746,F1-09-01-01,90,180,CJ
450133,F1-10-01-01,90,180,CJ
450737,F1-11-01-01,90,180,CJ
450850,F1-12-01-01,90,180,CJ
451112,F1-13-01-01,9,90,CJ
450851,F1-14-01-01,9,90,CJ
450592,F1-15-01-01,90,180,CJ
451453,F1-16-01-01,9,90,CJ
451404,F1-17-01-01,9,90,CJ
450855,F1-18-01-01,9,90,CJ
450754,F1-19-01-01,9,90,CJ
451106,F1-20-01-01,9,90,CJ
450916,F1-21-01-01,9,90,CJ
450660,F1-22-01-01,9,90,CJ
451549,F1-23-01-01,9,90,CJ
451370,F1-24-01-01,9,90,CJ
451224,F1-25-01-01,9,90,CJ
451403,F1-26-01-01,9,90,CJ
450736,F1-27-01-01,9,90,CJ
451554,F1-28-01-01,9,90,CJ
450831,F1-29-01-01,9,90,CJ
451496,F1-30-01-01,9,90,CJ
451533,F1-31-01-01,90,180,CJ
451158,F1-32-01-01,9,90,CJ
451521,F1-33-01-01,9,90,CJ
451374,F1-34-01-01,9,90,CJ
451432,F1-35-01-01,9,90,CJ
451238,F1-36-01-01,9,90,CJ
451433,F1-37-01-01,9,90,CJ
451152,F1-38-01-01,9,90,CJ
451431,F1-39-01-01,9,90,CJ
451502,F1-40-01-01,9,90,CJ
451405,F2-39-01-01,7,70,CJ
451523,F2-38-01-01,7,70,CJ
450637,F2-37-01-01,30,40,CJ
451506,F2-36-01-02,30,40,CJ
451239,F2-36-01-01,30,40,CJ
451121,F2-35-01-02,30,40,CJ
451120,F2-35-01-01,30,40,CJ
450299,F2-34-01-02,30,40,CJ
450298,F2-34-01-01,30,40,CJ
450779,F2-33-01-02,30,40,CJ
450583,F2-33-01-01,30,40,CJ
451489,F2-32-01-02,30,40,CJ
451488,F2-32-01-01,30,40,CJ
450756,F2-31-01-02,30,40,CJ
451504,F2-31-01-01,30,40,CJ
451535,F2-30-01-02,30,40,CJ
451108,F2-30-01-01,30,40,CJ
450900,F2-29-01-02,30,40,CJ
451455,F2-29-01-01,30,40,CJ
451151,F2-28-01-01,14,135,CJ
450356,F2-27-01-01,14,135,CJ
450544,F2-26-01-01,14,135,CJ
450692,F2-25-01-01,10,100,CJ
450010,F2-24-01-01,10,100,CJ
450531,F2-23-01-01,10,100,CJ
450404,F2-22-01-01,10,100,CJ
451519,F2-21-01-01,10,100,CJ
000595,F2-20-01-01,10,100,CJ
450329,F2-19-01-01,100,200,CJ
450328,F2-18-01-01,100,200,CJ
450536,F2-17-01-01,100,200,CJ
450773,F2-16-01-01,100,200,CJ
450360,F2-15-01-01,100,200,CJ
450602,F2-14-01-01,100,200,CJ
450320,F2-13-01-01,100,200,CJ
450520,F2-12-01-01,100,200,CJ
450189,F2-11-01-01,100,200,CJ
451429,F2-10-01-01,100,200,CJ
450472,F2-09-01-01,100,200,CJ
450554,F2-08-01-01,100,200,CJ
450235,F2-07-01-01,100,200,CJ
451105,G1-07-01-01,56,112,CJ
451381,G1-08-01-01,56,112,CJ
451395,G1-09-01-01,56,112,CJ
451500,G1-10-01-01,56,112,CJ
451394,G1-11-01-01,56,112,CJ
451548,G1-12-01-01,56,112,CJ
451430,G1-13-01-01,56,112,CJ
451445,G1-14-01-01,56,112,CJ
451422,G1-15-01-01,49,65,CJ
451423,G1-15-01-02,49,65,CJ
451109,G1-16-01-01,38,50,CJ
451290,G1-16-01-02,38,50,CJ
450255,G1-17-01-01,38,50,CJ
450600,G1-17-01-02,38,50,CJ
450525,G1-18-01-01,38,50,CJ
451420,G1-18-01-02,49,65,CJ
450352,G1-19-01-01,38,50,CJ
450590,G1-19-01-02,38,50,CJ
450236,G1-20-01-01,38,50,CJ
451267,G1-20-01-02,45,60,CJ
451526,G1-21-01-01,49,65,CJ
451527,G1-21-01-02,49,65,CJ
451491,G1-22-01-01,49,65,CJ
451537,G1-22-01-02,38,50,CJ
451536,G1-23-01-01,49,65,CJ
451541,G1-23-01-02,27,36,CJ
451363,G1-24-01-01,34,45,CJ
450285,G1-24-01-02,34,45,CJ
451216,G1-25-01-01,75,150,CJ
450749,G1-26-01-01,75,150,CJ
451269,G1-27-01-01,75,150,CJ
451480,G1-28-01-01,8,75,CJ
451084,G1-29-01-01,8,75,CJ
450139,G1-30-01-01,8,75,CJ
450402,G1-31-01-01,8,75,CJ
450863,G1-32-01-01,8,75,CJ
450415,G1-33-01-01,12,120,CJ
451410,G1-34-01-01,80,120,CJ
450509,G1-35-01-01,14,144,CJ
450875,G1-36-01-01,12,120,CJ
450768,G1-37-01-01,9,90,CJ
450569,G1-38-01-01,8,75,CJ
450876,G1-39-01-01,8,75,CJ
451386,G1-40-01-01,8,75,CJ
450477,G2-40-01-01,7,72,CJ
450774,G2-39-01-01,7,70,CJ
450302,G2-38-01-01,7,72,CJ
450363,G2-37-01-01,7,72,CJ
450933,G2-36-01-01,6,63,CJ
450112,G2-35-01-01,48,72,CJ
007493,G2-34-01-01,7,72,CJ
451512,G2-33-01-01,7,72,CJ
604581,G2-32-01-01,7,70,CJ
450874,G2-31-01-01,7,72,CJ
451247,G2-30-01-01,7,72,CJ
451243,G2-29-01-01,7,72,CJ
450325,G2-28-01-01,6,60,CJ
451200,G2-27-01-01,6,60,CJ
450426,G2-26-01-01,7,72,CJ
450555,G2-25-01-01,6,60,CJ
451122,G2-24-01-01,6,60,CJ
450859,G2-23-01-01,7,72,CJ
450704,G2-22-01-01,60,120,CJ
450336,G2-21-01-01,60,120,CJ
450295,G2-20-01-01,60,120,CJ
450403,G2-19-01-01,72,144,CJ
450691,G2-18-01-01,72,144,CJ
451304,G2-17-01-01,9,85,CJ
451308,G2-16-01-01,6,60,CJ
451306,G2-15-01-01,85,170,CJ
451305,G2-14-01-01,85,170,CJ
451551,G2-13-01-01,85,170,CJ
451293,G2-12-01-01,85,170,CJ
451451,G2-11-01-01,85,170,CJ
451136,G2-10-01-01,85,170,CJ
451419,G2-09-01-01,85,170,CJ
450881,G2-08-01-01,85,170,CJ
450880,G2-07-01-01,85,170,CJ
450603,H1-23-01-01,60,120,CJ
450616,H1-24-01-01,60,120,CJ
450651,H1-25-01-01,7,72,CJ
451081,H1-26-01-01,7,72,CJ
269169,H1-27-01-01,60,120,CJ
451553,H1-28-01-01,60,120,CJ
450330,H1-29-01-01,27,36,CJ
451456,H1-29-01-02,27,36,CJ
450663,H1-30-01-01,27,36,CJ
451138,H1-30-01-02,27,36,CJ
451302,H1-31-01-01,27,36,CJ
451300,H1-31-01-02,27,36,CJ
451107,H1-32-01-01,27,36,CJ
451298,H1-32-01-02,27,36,CJ
451299,H1-33-01-01,27,36,CJ
450853,H1-33-01-02,27,36,CJ
007491,H1-34-01-01,27,36,CJ
451085,H1-34-01-02,20,27,CJ
450934,H1-35-01-01,20,27,CJ
007492,H1-35-01-02,27,36,CJ
604582,H1-36-01-01,23,30,CJ
451552,H1-36-01-02,50,60,CJ
604509,H1-37-01-01,23,30,CJ
450478,H1-37-01-02,27,36,CJ
450557,H1-38-01-01,27,36,CJ
450943,H1-38-01-02,27,36,CJ
450941,H1-39-01-01,27,36,CJ
450939,H1-39-01-02,27,36,CJ
450940,H1-40-01-01,27,36,CJ
ET8370,H1-22-01-01,2,20,CJ
000836,H1-21-01-01,2,20,CJ
450551,H1-20-01-01,8,16,CJ
450762,H1-19-01-01,2,16,CJ
450334,H1-18-01-01,2,16,CJ
450207,H1-17-01-01,8,16,CJ
450198,H1-16-01-01,2,16,CJ
450197,H1-15-01-01,21,32,CJ
451066,H1-14-01-01,8,16,CJ
450432,H1-13-01-01,8,16,CJ
604926,H1-12-01-01,2,16,CJ
451371,H1-11-01-01,21,32,CJ
450458,H1-10-01-01,21,32,CJ
450061,H1-09-01-01,21,32,CJ
450581,H1-08-01-01,21,32,CJ
000622,H1-07-01-01,21,32,CJ
445507,J0-01-01-01,15,20,CJ
445508,J0-01-01-02,15,20,CJ
445509,J0-01-01-03,15,20,CJ
445510,J0-01-01-04,15,20,CJ
445770,J0-02-01-01,30,40,CJ
445774,J0-02-01-02,30,40,CJ
445593,J0-03-01-01,25,33,CJ
445596,J0-03-01-02,25,33,CJ
447006,J0-04-01-01,38,50,CJ
447007,J0-04-01-02,38,50,CJ
445727,J0-05-01-01,30,40,CJ
447008,J0-05-01-02,30,40,CJ
447084,J0-06-01-01,30,40,CJ
447083,J0-06-01-02,30,40,CJ
447087,J0-07-01-01,30,40,CJ
447005,J0-07-01-02,25,33,CJ
447075,J0-08-01-01,27,36,CJ
447076,J0-08-01-02,27,36,CJ
447077,J0-09-01-01,27,36,CJ
447085,J0-09-01-02,27,36,CJ
445877,J0-10-01-01,23,30,CJ
445880,J0-10-01-02,23,30,CJ
445879,J0-12-01-01,30,40,CJ
445882,J0-12-01-02,30,40,CJ
447073,J0-13-01-01,30,40,CJ
445209,J0-13-01-02,30,40,CJ
445900,J0-14-01-01,30,40,CJ
445767,J0-14-01-02,23,30,CJ
447034,J0-15-01-01,23,30,CJ
445492,J0-15-01-02,30,40,CJ
445902,J0-16-01-01,33,44,CJ
447033,J0-16-01-02,33,44,CJ
447036,J0-17-01-01,33,44,CJ
447045,J0-17-01-02,33,44,CJ
447054,J0-18-01-01,21,28,CJ
445455,J0-18-01-02,21,28,CJ
445457,J0-19-01-01,21,28,CJ
445460,J0-19-01-02,21,28,CJ
445471,J0-20-01-01,21,28,CJ
445473,J0-20-01-02,25,33,CJ
445598,J0-21-01-01,25,33,CJ
445789,J0-21-01-02,25,33,CJ
445855,J0-22-01-01,21,28,CJ
447089,J0-22-01-02,21,28,CJ
445491,J0-23-01-01,38,50,CJ
445503,J0-23-01-02,30,40,CJ
445673,J0-24-01-01,30,40,CJ
445856,J0-24-01-02,30,40,CJ
447086,J0-25-01-01,30,40,CJ
447088,J0-25-01-02,30,40,CJ
470026,J0-26-01-01,6,60,CJ
470019,J0-29-01-01,42,56,CJ
470025,J0-29-01-02,21,28,CJ
470027,J0-30-01-01,48,64,CJ
470017,J0-30-01-02,33,44,CJ
445696,J0-31-01-01,10,96,CJ
447010,J0-32-01-01,10,96,CJ
445225,J0-33-01-01,60,120,CJ
445226,J0-34-01-01,6,60,CJ
445761,J0-35-01-01,48,96,CJ
445407,J0-36-01-01,84,168,CJ
445580,J0-37-01-01,8,84,CJ
445759,J0-38-01-01,8,84,CJ
445847,J0-39-01-01,8,84,CJ
447042,J0-40-01-01,12,117,CJ
442277,J0-41-01-01,10,96,CJ
442372,J0-42-01-01,10,96,CJ
445227,J0-43-01-01,45,60,CJ
445328,J0-43-01-02,45,60,CJ
445871,J0-44-01-01,34,45,CJ
445940,J0-44-01-02,23,30,CJ
445982,J0-45-01-01,36,48,CJ
445988,J0-45-01-02,15,20,CJ
447057,J0-46-01-01,36,48,CJ
445294,J0-46-01-02,23,30,CJ
447067,J0-47-01-01,4,40,CJ
445591,J0-47-01-02,30,40,CJ
447069,J0-48-01-01,30,40,CJ
445677,J0-48-01-02,35,50,CJ
447066,J0-49-01-01,50,66,CJ
447053,J0-49-01-02,50,66,CJ
445520,J0-50-01-01,27,36,CJ
445755,J0-50-01-02,27,36,CJ
445811,J0-51-01-01,27,36,CJ
447082,J0-51-01-02,26,34,CJ
447081,J0-52-01-01,26,34,CJ
445975,J0-52-01-02,38,50,CJ
700409,I2-40-01-03,15,20,CJ
700407,I2-40-01-02,15,20,CJ
700404,I2-40-01-01,17,22,CJ
700404,I2-39-01-03,17,22,CJ
700403,I2-39-01-02,8,11,CJ
700401,I2-39-01-01,8,11,CJ
700400,I2-38-01-02,17,22,CJ
700399,I2-38-01-01,17,22,CJ
700398,I2-37-01-02,17,22,CJ
700397,I2-37-01-01,23,30,CJ
700396,I2-36-01-03,11,15,CJ
700387,I2-36-01-02,11,15,CJ
700381,I2-36-01-01,11,15,CJ
700391,I2-35-01-02,17,22,CJ
700376,I2-35-01-01,17,22,CJ
700375,I2-34-01-02,17,22,CJ
700356,I2-34-01-01,23,30,CJ
700342,I2-33-01-02,23,30,CJ
700330,I2-33-01-01,24,32,CJ
700329,I2-32-01-02,21,28,CJ
700326,I2-32-01-01,24,32,CJ
700309,I2-31-01-02,24,32,CJ
700272,I2-31-01-01,24,32,CJ
700250,I2-30-01-04,14,18,CJ
700230,I2-30-01-03,14,18,CJ
700229,I2-30-01-02,14,18,CJ
700225,I2-30-01-01,15,20,CJ
700219,I2-29-01-02,24,32,CJ
700218,I2-29-01-01,24,32,CJ
700215,I2-28-01-04,21,28,CJ
700214,I2-28-01-03,21,28,CJ
700206,I2-28-01-02,12,16,CJ
700191,I2-28-01-01,12,16,CJ
700170,I2-27-01-04,12,16,CJ
700156,I2-27-01-03,11,14,CJ
700155,I2-27-01-02,11,14,CJ
700154,I2-27-01-01,11,14,CJ
700153,I2-26-01-03,11,14,CJ
700058,I2-26-01-02,11,14,CJ
700057,I2-26-01-01,21,28,CJ
700055,I2-25-01-02,21,28,CJ
700053,I2-25-01-01,23,30,CJ
700036,I2-24-01-03,11,14,CJ
700018,I2-24-01-02,15,20,CJ
700004,I2-24-01-01,30,40,CJ
009033,I2-23-01-04,11,15,CJ
009030,I2-23-01-03,11,15,CJ
009021,I2-23-01-02,12,16,CJ
007996,I2-23-01-01,15,20,CJ
007919,I2-22-01-04,15,20,CJ
007917,I2-22-01-03,15,20,CJ
007869,I2-22-01-02,11,14,CJ
007866,I2-22-01-01,11,15,CJ
007865,I2-21-01-03,12,16,CJ
007864,I2-21-01-02,12,16,CJ
007863,I2-21-01-01,24,32,CJ
007860,I2-20-01-02,24,32,CJ
007854,I2-20-01-01,17,22,CJ
007851,I2-19-01-03,8,11,CJ
007850,I2-19-01-02,8,11,CJ
007848,I2-19-01-01,15,20,CJ
007845,I2-18-01-02,17,22,CJ
007842,I2-18-01-01,17,22,CJ
007840,I2-17-01-03,8,11,CJ
007825,I2-17-01-02,11,15,CJ
007803,I2-17-01-01,24,32,CJ
007802,I2-16-01-02,23,30,CJ
007801,I2-16-01-01,24,32,CJ
007799,I2-15-01-02,24,32,CJ
007798,I2-15-01-01,23,30,CJ
007796,I2-14-01-02,17,22,CJ
007795,I2-14-01-01,23,30,CJ
007794,I2-13-01-02,21,28,CJ
007793,I2-13-01-01,15,20,CJ
007792,I2-12-01-02,21,28,CJ
007790,I2-12-01-01,21,28,CJ
007789,I2-11-01-02,21,28,CJ
007788,I2-11-01-01,24,32,CJ
007702,I2-10-01-02,24,32,CJ
007680,I2-10-01-01,24,32,CJ
007686,I2-09-01-03,24,32,CJ
007602,I2-09-01-02,23,30,CJ
007585,I2-09-01-01,15,20,CJ
007280,I2-08-01-02,23,30,CJ
007254,I2-08-01-01,23,30,CJ
007266,I2-07-01-03,15,20,CJ
007248,I2-07-01-02,11,14,CJ
007245,I2-07-01-01,23,30,CJ
701014,I1-07-01-01,15,20,CJ
701018,I1-07-01-02,15,20,CJ
701019,I1-07-01-03,15,20,CJ
701108,I1-07-01-04,15,20,CJ
701008,I1-08-01-01,15,20,CJ
701010,I1-08-01-02,12,16,CJ
701011,I1-08-01-03,12,16,CJ
701013,I1-08-01-04,15,20,CJ
701004,I1-09-01-01,33,44,CJ
701005,I1-09-01-02,42,56,CJ
700916,I1-10-01-01,30,40,CJ
700917,I1-10-01-02,30,40,CJ
700905,I1-11-01-01,30,40,CJ
700910,I1-11-01-02,17,23,CJ
700911,I1-11-01-03,12,16,CJ
700915,I1-11-01-04,11,15,CJ
700901,I1-12-01-01,11,14,CJ
700902,I1-12-01-02,11,14,CJ
700904,I1-12-01-03,24,32,CJ
700832,I1-13-01-01,11,14,CJ
700841,I1-13-01-02,23,30,CJ
700820,I1-14-01-01,8,10,CJ
700823,I1-14-01-02,8,10,CJ
700825,I1-14-01-03,8,10,CJ
700826,I1-14-01-04,8,10,CJ
700808,I1-15-01-01,24,32,CJ
700817,I1-15-01-02,15,20,CJ
700818,I1-15-01-03,15,20,CJ
700802,I1-16-01-01,15,20,CJ
700803,I1-16-01-02,11,14,CJ
700805,I1-16-01-03,15,20,CJ
700756,I1-17-01-01,11,14,CJ
700762,I1-17-01-02,11,14,CJ
700771,I1-17-01-03,15,20,CJ
700794,I1-17-01-04,15,20,CJ
700707,I1-18-01-01,42,56,CJ
700713,I1-18-01-02,42,56,CJ
700704,I1-19-01-01,42,56,CJ
700705,I1-19-01-02,17,23,CJ
700706,I1-19-01-03,17,23,CJ
700702,I1-20-01-01,42,56,CJ
700703,I1-20-01-02,42,56,CJ
700700,I1-21-01-01,23,30,CJ
700701,I1-21-01-02,23,30,CJ
700696,I1-22-01-01,11,15,CJ
700697,I1-22-01-02,11,15,CJ
700698,I1-22-01-03,12,16,CJ
700699,I1-22-01-04,12,16,CJ
700692,I1-23-01-01,11,15,CJ
700693,I1-23-01-02,11,15,CJ
700694,I1-23-01-03,11,15,CJ
700695,I1-23-01-04,11,15,CJ
700686,I1-24-01-01,15,20,CJ
700687,I1-24-01-02,17,22,CJ
700688,I1-24-01-03,42,56,CJ
700683,I1-25-01-01,42,56,CJ
700684,I1-25-01-02,42,56,CJ
700679,I1-26-01-01,42,56,CJ
700682,I1-26-01-02,42,56,CJ
700638,I1-27-01-01,21,28,CJ
700677,I1-27-01-02,21,28,CJ
700634,I1-28-01-01,17,22,CJ
700637,I1-28-01-02,21,28,CJ
700609,I1-29-01-01,17,22,CJ
700612,I1-29-01-02,8,10,CJ
700613,I1-29-01-03,8,10,CJ
700593,I1-30-01-01,35,46,CJ
700608,I1-30-01-02,17,22,CJ
700586,I1-31-01-01,15,20,CJ
700588,I1-31-01-02,11,15,CJ
700589,I1-31-01-03,15,20,CJ
700592,I1-31-01-04,17,23,CJ
700577,I1-32-01-01,24,32,CJ
700583,I1-32-01-02,15,20,CJ
700584,I1-32-01-03,15,20,CJ
700535,I1-33-01-01,11,15,CJ
700536,I1-33-01-02,11,15,CJ
700539,I1-33-01-03,11,15,CJ
700540,I1-33-01-04,11,15,CJ
700525,I1-34-01-01,24,32,CJ
700534,I1-34-01-02,24,32,CJ
700456,I1-35-01-01,11,15,CJ
700476,I1-35-01-02,8,11,CJ
700509,I1-35-01-03,8,11,CJ
700517,I1-35-01-04,8,11,CJ
700452,I1-36-01-01,12,16,CJ
700453,I1-36-01-02,8,11,CJ
700454,I1-36-01-03,12,16,CJ
700447,I1-37-01-01,12,16,CJ
700448,I1-37-01-02,12,16,CJ
700450,I1-37-01-03,23,30,CJ
700438,I1-38-01-01,23,30,CJ
700439,I1-38-01-02,23,30,CJ
700426,I1-39-01-01,17,22,CJ
700433,I1-39-01-02,24,32,CJ
700423,I1-40-01-01,23,30,CJ
700425,I1-40-01-02,17,22,CJ
442419,H2-40-01-02,36,48,CJ
442423,H2-40-01-01,36,48,CJ
445709,H2-39-01-02,33,44,CJ
445554,H2-39-01-01,42,56,CJ
445861,H2-38-01-02,39,52,CJ
445813,H2-38-01-01,39,52,CJ
447093,H2-37-01-02,42,56,CJ
447104,H2-37-01-01,39,52,CJ
445556,H2-36-01-02,21,28,CJ
445431,H2-36-01-01,21,28,CJ
447043,H2-35-01-02,49,65,CJ
447044,H2-35-01-01,49,65,CJ
447108,H2-34-01-01,8,80,CJ
447107,H2-33-01-01,8,80,CJ
447106,H2-32-01-01,8,80,CJ
447065,H2-31-01-01,16,160,CJ
447064,H2-30-01-01,16,160,CJ
447063,H2-29-01-01,16,160,CJ
701111,H2-28-01-01,10,100,CJ
701110,H2-27-01-01,10,100,CJ
701109,H2-26-01-01,10,100,CJ
701105,H2-25-01-01,10,100,CJ
701104,H2-24-01-02,40,50,CJ
701103,H2-24-01-01,40,50,CJ
846316,H2-09-01-03,7,10,CJ
846218,H2-09-01-02,7,10,CJ
846216,H2-09-01-01,7,10,CJ
846209,H2-08-01-04,21,28,CJ
846152,H2-08-01-03,21,28,CJ
846151,H2-08-01-02,21,28,CJ
846148,H2-08-01-01,21,28,CJ
845629,H2-07-01-02,42,56,CJ
845621,H2-07-01-01,42,56,CJ
443012,K0-01-01-01,9,12,CJ
443020,K0-01-01-02,9,12,CJ
443021,K0-01-01-03,9,12,CJ
443024,K0-01-01-04,9,12,CJ
443028,K0-01-01-05,9,12,CJ
443029,K0-01-01-06,9,12,CJ
443033,K0-01-01-07,9,12,CJ
443034,K0-01-01-08,9,12,CJ
443035,K0-01-01-09,5,6,CJ
443036,K0-01-01-10,9,12,CJ
443042,K0-01-01-11,9,12,CJ
443043,K0-01-01-12,9,12,CJ
443046,K0-02-01-01,9,12,CJ
443056,K0-02-01-02,9,12,CJ
443067,K0-02-01-03,9,12,CJ
443069,K0-02-01-04,9,12,CJ
443075,K0-02-01-05,9,12,CJ
443104,K0-02-01-06,9,12,CJ
443130,K0-02-01-07,9,12,CJ
443131,K0-02-01-08,9,12,CJ
443134,K0-02-01-09,9,12,CJ
443137,K0-02-01-10,9,12,CJ
443147,K0-02-01-11,9,12,CJ
443153,K0-02-01-12,9,12,CJ
443154,K0-03-01-01,9,12,CJ
443156,K0-03-01-02,9,12,CJ
443157,K0-03-01-03,9,12,CJ
443170,K0-03-01-04,9,12,CJ
443171,K0-03-01-05,9,12,CJ
443172,K0-03-01-06,9,12,CJ
443173,K0-03-01-07,9,12,CJ
443174,K0-03-01-08,9,12,CJ
443175,K0-03-01-09,9,12,CJ
443178,K0-03-01-10,9,12,CJ
443179,K0-03-01-11,9,12,CJ
443186,K0-03-01-12,9,12,CJ
443191,K0-04-01-01,9,12,CJ
443192,K0-04-01-02,9,12,CJ
443193,K0-04-01-03,9,12,CJ
443199,K0-04-01-04,9,12,CJ
443202,K0-04-01-05,9,12,CJ
443205,K0-04-01-06,9,12,CJ
443206,K0-04-01-07,9,12,CJ
443207,K0-04-01-08,9,12,CJ
443214,K0-04-01-09,9,12,CJ
443215,K0-04-01-10,9,12,CJ
443216,K0-04-01-11,9,12,CJ
443217,K0-04-01-12,9,12,CJ
443218,K0-05-01-01,9,12,CJ
443219,K0-05-01-02,9,12,CJ
443221,K0-05-01-03,9,12,CJ
445335,K0-05-01-04,6,8,CJ
446047,K0-05-01-05,9,12,CJ
446096,K0-05-01-06,9,12,CJ
446101,K0-05-01-07,9,12,CJ
446115,K0-05-01-08,9,12,CJ
446117,K0-05-01-09,9,12,CJ
446121,K0-05-01-10,5,6,CJ
446127,K0-05-01-11,9,12,CJ
446169,K0-05-01-12,9,12,CJ
446170,K0-06-01-01,9,12,CJ
446172,K0-06-01-02,9,12,CJ
446185,K0-06-01-03,8,12,CJ
446200,K0-06-01-04,9,12,CJ
446204,K0-06-01-05,9,12,CJ
446207,K0-06-01-06,9,12,CJ
446216,K0-06-01-07,9,12,CJ
470501,K0-06-01-08,9,12,CJ
470503,K0-06-01-09,9,12,CJ
470504,K0-06-01-10,9,12,CJ
470505,K0-06-01-11,9,12,CJ
ET871567K,K0-07-01-01,89,118,CJ
ET8715718,K0-07-01-02,89,118,CJ
ET8715742,K0-07-01-03,89,118,CJ
ET8715793,K0-08-01-01,95,126,CJ
ET8715807,K0-08-01-02,95,126,CJ
ET8715815,K0-08-01-03,95,126,CJ
442001,V-01,15,20,CJ
442002,V-02,15,20,CJ
442023,V-03,15,20,CJ
442026,V-04,15,20,CJ
442029,V-05,15,20,CJ
442064,V-06,15,20,CJ
442071,V-07,15,20,CJ
442072,V-08,15,20,CJ
442074,V-09,15,20,CJ
442076,V-10,15,20,CJ
442068,V-100,15,20,CJ
442350,V-101,15,20,CJ
700824,V-102,15,20,CJ
442080,V-11,15,20,CJ
442088,V-12,15,20,CJ
442091,V-13,15,20,CJ
442092,V-14,15,20,CJ
442093,V-15,15,20,CJ
442102,V-16,15,20,CJ
442104,V-17,15,20,CJ
442125,V-18,15,20,CJ
442245,V-19,13,20,CJ
442275,V-20,15,20,CJ
442276,V-21,15,20,CJ
442280,V-22,15,20,CJ
442283,V-23,15,20,CJ
442287,V-24,15,20,CJ
442296,V-25,15,20,CJ
442298,V-26,15,20,CJ
442311,V-27,15,20,CJ
442319,V-28,15,20,CJ
442324,V-29,15,20,CJ
442325,V-30,15,20,CJ
442326,V-31,15,20,CJ
442343,V-32,15,20,CJ
442344,V-33,15,20,CJ
442346,V-34,15,20,CJ
442354,V-35,15,20,CJ
442357,V-36,15,20,CJ
442360,V-37,15,20,CJ
442362,V-38,15,20,CJ
442363,V-39,15,20,CJ
442365,V-40,15,20,CJ
442369,V-41,15,20,CJ
442371,V-42,15,20,CJ
442376,V-43,15,20,CJ
442377,V-44,15,20,CJ
442378,V-45,15,20,CJ
442379,V-46,15,20,CJ
442380,V-47,15,20,CJ
442381,V-48,15,20,CJ
442382,V-49,15,20,CJ
442383,V-50,15,20,CJ
442388,V-51,15,20,CJ
442389,V-52,15,20,CJ
442392,V-53,15,20,CJ
442396,V-54,15,20,CJ
442398,V-55,15,20,CJ
442399,V-56,15,20,CJ
442400,V-57,15,20,CJ
442401,V-58,15,20,CJ
442402,V-59,15,20,CJ
442403,V-60,15,20,CJ
442404,V-61,15,20,CJ
442405,V-62,15,20,CJ
442406,V-63,15,20,CJ
442407,V-64,15,20,CJ
442408,V-65,15,20,CJ
442409,V-66,15,20,CJ
442410,V-67,15,20,CJ
442411,V-68,15,20,CJ
442412,V-69,15,20,CJ
442414,V-70,15,20,CJ
442416,V-71,15,20,CJ
442417,V-72,15,20,CJ
442418,V-73,15,20,CJ
442420,V-74,15,20,CJ
442421,V-75,15,20,CJ
442424,V-76,15,20,CJ
442425,V-77,15,20,CJ
445426,V-78,15,20,CJ
445427,V-79,15,20,CJ
445429,V-80,8,10,CJ
445433,V-81,15,20,CJ
445436,V-82,15,20,CJ
445558,V-83,15,20,CJ
445560,V-84,15,20,CJ
445777,V-85,15,20,CJ
445792,V-86,15,20,CJ
445799,V-87,15,20,CJ
445886,V-88,15,20,CJ
445897,V-89,15,20,CJ
445928,V-90,15,20,CJ
445989,V-91,15,20,CJ
447032,V-92,15,20,CJ
470021,V-93,15,20,CJ
470022,V-94,15,20,CJ
470023,V-95,15,20,CJ
447070,V-96,15,20,CJ
447092,V-97,15,20,CJ
442017,V-98,15,20,CJ
442041,V-99,15,20,CJ
